Id,Position,First Name,Nickname,Last Name,FPPG,Played,Salary,Game,Team,Opponent,Injury Indicator,Injury Details,Tier,,,Roster Position,
121309-89675,RB,Jonathan,Jonathan Taylor,Taylor,23.860000610351600,5,10200,ARI@IND,IND,ARI,,,,,,RB/FLEX,
121309-103020,WR,Puka,Puka Nacua,Nacua,23.4,5,9800,LAR@BAL,LAR,BAL,,,,,,WR/FLEX,
121309-55050,RB,Christian,Christian McCaffrey,McCaffrey,20.88000030517580,5,9500,SF@TB,SF,TB,,,,,,RB/FLEX,
121309-129458,WR,Jaxon,Jaxon Smith-Njigba,Smith-Njigba,18.1,5,9000,SEA@JAC,SEA,JAC,,,,,,WR/FLEX,
121309-63115,QB,Lamar,Lamar Jackson,Jackson,23.59000015258790,4,9000,LAR@BAL,BAL,LAR,Q,Hamstring,,,,QB,
121309-85701,WR,Ja'Marr,Ja'Marr Chase,Chase,15.260000610351600,5,8800,CIN@GB,CIN,GB,,,,,,WR/FLEX,
121309-72731,RB,Josh,Josh Jacobs,Jacobs,16.875,4,8700,CIN@GB,GB,CIN,,,,,,RB/FLEX,
121309-69189,QB,Justin,Justin Herbert,Herbert,19.69199981689450,5,8500,LAC@MIA,LAC,MIA,,,,,,QB,
121309-86631,WR,CeeDee,CeeDee Lamb,Lamb,18.100000381469700,2,8500,DAL@CAR,DAL,CAR,Q,Ankle,,,,WR/FLEX,
121309-104433,RB,Kyren,Kyren Williams,Williams,15.319999694824200,5,8400,LAR@BAL,LAR,BAL,,,,,,RB/FLEX,
121309-69017,QB,Jordan,Jordan Love,Love,19.549999237060500,4,8300,CIN@GB,GB,CIN,,,,,,QB,
121309-41535,QB,Baker,Baker Mayfield,Mayfield,21.944000244140600,5,8200,SF@TB,TB,SF,,,,,,QB,
121309-152655,WR,Emeka,Emeka Egbuka,Egbuka,19.18000030517580,5,8100,SF@TB,TB,SF,,,,,,WR/FLEX,
121309-138820,RB,De'Von,De'Von Achane,Achane,16,5,8100,LAC@MIA,MIA,LAC,,,,,,RB/FLEX,
121309-167031,RB,Ashton,Ashton Jeanty,Jeanty,14.419999694824200,5,8000,TEN@LV,LV,TEN,,,,,,RB/FLEX,
121309-31716,QB,Dak,Dak Prescott,Prescott,22.047999572753900,5,8000,DAL@CAR,DAL,CAR,,,,,,QB,
121309-174215,RB,Omarion,Omarion Hampton,Hampton,14,5,7900,LAC@MIA,LAC,MIA,IR,Ankle,,,,RB/FLEX,
121309-93541,RB,Javonte,Javonte Williams,Williams,19.6,5,7800,DAL@CAR,DAL,CAR,,,,,,RB/FLEX,
121309-152316,QB,Drake,Drake Maye,Maye,19.62799987792970,5,7800,NE@NO,NE,NO,,,,,,QB,
121309-45889,WR,Davante,Davante Adams,Adams,13.539999389648400,5,7800,LAR@BAL,LAR,BAL,,,,,,WR/FLEX,
121309-39280,RB,Derrick,Derrick Henry,Henry,12.05999984741210,5,7700,LAR@BAL,BAL,LAR,,,,,,RB/FLEX,
121309-6654,QB,Matthew,Matthew Stafford,Stafford,21.144000244140600,5,7700,LAR@BAL,LAR,BAL,,,,,,QB,
121309-63519,QB,Daniel,Daniel Jones,Jones,20.039999389648400,5,7600,ARI@IND,IND,ARI,,,,,,QB,
121309-152664,RB,Bucky,Bucky Irving,Irving,16.375,4,7500,SF@TB,TB,SF,Q,Shoulder,,,,RB/FLEX,
121309-90584,QB,Mac,Mac Jones,Jones,20.400000254313200,3,7500,SF@TB,SF,TB,Q,Knee,,,,QB,
121309-85607,QB,Brock,Brock Purdy,Purdy,20.719999313354500,2,7500,SF@TB,SF,TB,Q,Toe,,,,QB,
121309-110246,WR,George,George Pickens,Pickens,16.039999389648400,5,7500,DAL@CAR,DAL,CAR,,,,,,WR/FLEX,
121309-63589,QB,Sam,Sam Darnold,Darnold,17.527999877929700,5,7400,SEA@JAC,SEA,JAC,,,,,,QB,
121309-151745,WR,Brian,Brian Thomas Jr.,Thomas Jr.,8,5,7400,SEA@JAC,JAC,SEA,,,,,,WR/FLEX,
121309-120639,WR,Quentin,Quentin Johnston,Johnston,14.680000305175800,5,7300,LAC@MIA,LAC,MIA,Q,Hamstring,,,,WR/FLEX,
121309-89956,RB,Travis,Travis Etienne Jr.,Etienne Jr.,15.38000030517580,5,7300,SEA@JAC,JAC,SEA,,,,,,RB/FLEX,
121309-63484,QB,Kyler,Kyler Murray,Murray,16.155999755859400,5,7300,ARI@IND,ARI,IND,Q,Foot,,,,QB,
121309-73048,WR,DK,DK Metcalf,Metcalf,13.649999618530300,4,7200,CLE@PIT,PIT,CLE,,,,,,WR/FLEX,
121309-87467,RB,Chuba,Chuba Hubbard,Hubbard,12.399999618530300,4,7200,DAL@CAR,CAR,DAL,Q,Calf,,,,RB/FLEX,
121309-169410,RB,Quinshon,Quinshon Judkins,Judkins,15.100000381469700,4,7100,CLE@PIT,CLE,PIT,,,,,,RB/FLEX,
121309-90572,QB,Tua,Tua Tagovailoa,Tagovailoa,16.424000549316400,5,7100,LAC@MIA,MIA,LAC,Q,Hip,,,,QB,
121309-89680,TE,Jake,Jake Ferguson,Ferguson,13.139999389648400,5,7000,DAL@CAR,DAL,CAR,,,,,,TE/FLEX,
121309-32384,WR,Mike,Mike Evans,Evans,9,3,7000,SF@TB,TB,SF,O,Hamstring,,,,WR/FLEX,
121309-119606,QB,Bryce,Bryce Young,Young,14.08800048828130,5,7000,DAL@CAR,CAR,DAL,,,,,,QB,
121309-103342,RB,Kenneth,Kenneth Walker III,Walker III,12.65999984741210,5,7000,SEA@JAC,SEA,JAC,,,,,,RB/FLEX,
121309-152651,WR,Marvin,Marvin Harrison Jr.,Harrison Jr.,10.519999694824200,5,6900,ARI@IND,ARI,IND,,,,,,WR/FLEX,
121309-42104,RB,Alvin,Alvin Kamara,Kamara,9.7,5,6900,NE@NO,NO,NE,Q,Ankle,,,,RB/FLEX,
121309-6894,QB,Aaron,Aaron Rodgers,Rodgers,15.885000228881800,4,6900,CLE@PIT,PIT,CLE,,,,,,QB,
121309-137530,TE,Tyler,Tyler Warren,Warren,10.95999984741210,5,6800,ARI@IND,IND,ARI,,,,,,TE/FLEX,
121309-112295,WR,Zay,Zay Flowers,Flowers,12.38000030517580,5,6800,LAR@BAL,BAL,LAR,Q,Shoulder,,,,WR/FLEX,
121309-137902,RB,Rachaad,Rachaad White,White,9.05999984741211,5,6800,SF@TB,TB,SF,,,,,,RB/FLEX,
121309-26483,QB,Geno,Geno Smith,Smith,14.88800048828130,5,6800,TEN@LV,LV,TEN,,,,,,QB,
121309-90573,WR,Jaylen,Jaylen Waddle,Waddle,12.4,5,6700,LAC@MIA,MIA,LAC,,,,,,WR/FLEX,
121309-160303,TE,Tucker,Tucker Kraft,Kraft,11.449999809265100,4,6700,CIN@GB,GB,CIN,,,,,,TE/FLEX,
121309-89951,QB,Trevor,Trevor Lawrence,Lawrence,16.047999572753900,5,6700,SEA@JAC,JAC,SEA,,,,,,QB,
121309-72297,RB,Rico,Rico Dowdle,Dowdle,10.54000015258790,5,6600,DAL@CAR,CAR,DAL,,,,,,RB/FLEX,
121309-167620,WR,Tetairoa,Tetairoa McMillan,McMillan,10.019999694824200,5,6600,DAL@CAR,CAR,DAL,,,,,,WR/FLEX,
121309-111557,QB,Spencer,Spencer Rattler,Rattler,15.080000305175800,5,6600,NE@NO,NO,NE,,,,,,QB,
121309-151794,TE,Brock,Brock Bowers,Bowers,9.25,4,6500,TEN@LV,LV,TEN,Q,Knee - pcl,,,,TE/FLEX,
121309-102796,WR,Ricky,Ricky Pearsall,Pearsall,12.074999809265100,4,6500,SF@TB,SF,TB,Q,Knee - pcl,,,,WR/FLEX,
121309-60840,QB,Jake,Jake Browning,Browning,14.045000076293900,4,6500,CIN@GB,CIN,GB,,,,,,QB,
121309-103698,QB,Dillon,Dillon Gabriel,Gabriel,6.9533335367838500,3,6400,CLE@PIT,CLE,PIT,,,,,,QB,
121309-133472,WR,Ladd,Ladd McConkey,McConkey,7.55999984741211,5,6400,LAC@MIA,LAC,MIA,,,,,,WR/FLEX,
121309-89493,RB,Chase,Chase Brown,Brown,8.1,5,6400,CIN@GB,CIN,GB,,,,,,RB/FLEX,
121309-168356,QB,Cam,Cam Ward,Ward,7.951999664306640,5,6400,TEN@LV,TEN,LV,,,,,,QB,
121309-91750,TE,Trey,Trey McBride,McBride,9.6,5,6400,ARI@IND,ARI,IND,,,,,,TE/FLEX,
121309-6714,QB,Joe,Joe Flacco,Flacco,7.974999904632570,4,6300,CIN@GB,CIN,GB,,,,,,QB,
121309-29253,WR,Keenan,Keenan Allen,Allen,12.280000305175800,5,6300,LAC@MIA,LAC,MIA,,,,,,WR/FLEX,
121309-44715,QB,Cooper,Cooper Rush,Rush,1.9466667175293000,3,6300,LAR@BAL,BAL,LAR,,,,,,QB,
121309-94370,WR,Romeo,Romeo Doubs,Doubs,12.100000381469700,4,6200,CIN@GB,GB,CIN,,,,,,WR/FLEX,
121309-112057,RB,Jaylen,Jaylen Warren,Warren,12.966667175293000,3,6200,CLE@PIT,PIT,CLE,,,,,,RB/FLEX,
121309-69213,WR,Michael,Michael Pittman Jr.,Pittman Jr.,12.860000610351600,5,6200,ARI@IND,IND,ARI,,,,,,WR/FLEX,
121309-103619,WR,Tre,Tre Tucker,Tucker,13.6,5,6100,TEN@LV,LV,TEN,,,,,,WR/FLEX,
121309-93539,RB,Michael,Michael Carter,Carter,7.949999809265140,2,6100,ARI@IND,ARI,IND,,,,,,RB/FLEX,
121309-89981,WR,Tee,Tee Higgins,Higgins,6.8599998474121100,5,6100,CIN@GB,CIN,GB,,,,,,WR/FLEX,
121309-52342,QB,Will,Will Grier,Grier,,0,6000,DAL@CAR,DAL,CAR,,,,,,QB,
121309-63634,WR,Jakobi,Jakobi Meyers,Meyers,8.3,5,6000,TEN@LV,LV,TEN,,,,,,WR/FLEX,
121309-61593,WR,Jauan,Jauan Jennings,Jennings,8.466666539510090,3,6000,SF@TB,SF,TB,Q,Ankle,,,,WR/FLEX,
121309-160938,QB,Quinn,Quinn Ewers,Ewers,,0,6000,LAC@MIA,MIA,LAC,,,,,,QB,
121309-86200,QB,Sean,Sean Clifford,Clifford,,0,6000,CIN@GB,CIN,GB,,,,,,QB,
121309-149696,QB,Trey,Trey Lance,Lance,2.859999895095830,1,6000,LAC@MIA,LAC,MIA,,,,,,QB,
121309-93382,QB,Aidan,Aidan O'Connell,O'Connell,11.164444817437100,9,6000,TEN@LV,LV,TEN,IR,Wrist,,,,QB,
121309-45259,QB,Logan,Logan Woodside,Woodside,,0,6000,CLE@PIT,PIT,CLE,,,,,,QB,
121309-86243,QB,Will,Will Levis,Levis,10.995000203450500,12,6000,TEN@LV,TEN,LV,IR,Shoulder,,,,QB,
121309-91390,QB,Joe,Joe Milton III,Milton III,0.6399999856948850,1,6000,DAL@CAR,DAL,CAR,,,,,,QB,
121309-63759,RB,Tony,Tony Pollard,Pollard,10.38000030517580,5,6000,TEN@LV,TEN,LV,,,,,,RB/FLEX,
121309-129315,QB,Anthony,Anthony Richardson Sr.,Richardson Sr.,0.8299999833107000,2,6000,ARI@IND,IND,ARI,,,,,,QB,
121309-90406,QB,Zach,Zach Wilson,Wilson,1.5800000429153400,1,6000,LAC@MIA,MIA,LAC,,,,,,QB,
121309-120105,QB,Will,Will Howard,Howard,,0,6000,CLE@PIT,PIT,CLE,IR,Hand,,,,QB,
121309-54604,QB,Jimmy,Jimmy Garoppolo,Garoppolo,11.930000305175800,2,6000,LAR@BAL,LAR,BAL,,,,,,QB,
121309-88431,QB,Tyler,Tyler Shough,Shough,0,1,6000,NE@NO,NO,NE,,,,,,QB,
121309-70051,QB,Tyler,Tyler Huntley,Huntley,12.731999969482400,5,6000,LAR@BAL,BAL,LAR,,,,,,QB,
121309-110000,QB,Connor,Connor Bazelak,Bazelak,,0,6000,SF@TB,TB,SF,,,,,,QB,
121309-25011,TE,Darren,Darren Waller,Waller,16.25,2,6000,LAC@MIA,MIA,LAC,Q,Hip,,,,TE/FLEX,
121309-91583,QB,Stetson,Stetson Bennett IV,Bennett IV,0,1,6000,LAR@BAL,LAR,BAL,,,,,,QB,
121309-31170,QB,Brandon,Brandon Allen,Allen,2.7866665522257500,3,6000,TEN@LV,TEN,LV,,,,,,QB,
121309-40407,QB,Joshua,Joshua Dobbs,Dobbs,-0.20000000298023200,1,6000,NE@NO,NE,NO,,,,,,QB,
121309-53729,QB,Mason,Mason Rudolph,Rudolph,0.47999998927116400,1,6000,CLE@PIT,PIT,CLE,,,,,,QB,
121309-33259,QB,Teddy,Teddy Bridgewater,Bridgewater,0.11999999731779100,1,6000,SF@TB,TB,SF,,,,,,QB,
121309-102933,QB,Kedon,Kedon Slovis,Slovis,,0,6000,ARI@IND,ARI,IND,,,,,,QB,
121309-30231,QB,Jacoby,Jacoby Brissett,Brissett,0.10000000149011600,2,6000,ARI@IND,ARI,IND,,,,,,QB,
121309-94748,QB,Tommy,Tommy DeVito,DeVito,6.739999771118160,2,6000,NE@NO,NE,NO,,,,,,QB,
121309-30253,QB,Jeff,Jeff Driskel,Driskel,0,1,6000,TEN@LV,LV,TEN,,,,,,QB,
121309-64051,QB,Drew,Drew Lock,Lock,0.5,1,6000,SEA@JAC,SEA,JAC,,,,,,QB,
121309-208467,QB,Cam,Cam Miller,Miller,,0,6000,TEN@LV,LV,TEN,,,,,,QB,
121309-40534,QB,Mike,Mike White,White,1.1200000047683700,1,6000,CIN@GB,CIN,GB,,,,,,QB,
121309-41562,QB,Nick,Nick Mullens,Mullens,0.33000001311302200,4,6000,SEA@JAC,JAC,SEA,,,,,,QB,
121309-87691,QB,Malik,Malik Willis,Willis,7.399999891008650,7,6000,CIN@GB,GB,CIN,,,,,,QB,
121309-69294,QB,Skylar,Skylar Thompson,Thompson,2.626666704813640,3,6000,CLE@PIT,PIT,CLE,IR,Hamstring,,,,QB,
121309-90813,QB,Clayton,Clayton Tune,Tune,-0.3466666539510090,6,6000,CIN@GB,GB,CIN,,,,,,QB,
121309-139985,QB,Bailey,Bailey Zappe,Zappe,4.5,2,6000,CLE@PIT,CLE,PIT,,,,,,QB,
121309-61157,QB,Brett,Brett Rypien,Rypien,0,1,6000,CIN@GB,CIN,GB,,,,,,QB,
121309-86793,QB,Jake,Jake Haener,Haener,1.7799999713897700,8,6000,NE@NO,NO,NE,,,,,,QB,
121309-28434,QB,Trevor,Trevor Siemian,Siemian,,0,6000,TEN@LV,TEN,LV,,,,,,QB,
121309-154450,QB,Riley,Riley Leonard,Leonard,,0,6000,ARI@IND,IND,ARI,,,,,,QB,
121309-154462,QB,Jalen,Jalen Milroe,Milroe,-0.5333333412806190,3,6000,SEA@JAC,SEA,JAC,,,,,,QB,
121309-90981,QB,Adrian,Adrian Martinez,Martinez,,0,6000,SF@TB,SF,TB,,,,,,QB,
121309-63336,QB,Joe,Joe Burrow,Burrow,7.929999828338620,2,6000,CIN@GB,CIN,GB,IR,Toe,,,,QB,
121309-88937,QB,Carter,Carter Bradley,Bradley,,0,6000,SEA@JAC,JAC,SEA,,,,,,QB,
121309-92020,QB,Kenny,Kenny Pickett,Pickett,3.6342857905796600,7,6000,TEN@LV,LV,TEN,,,,,,QB,
121309-184183,QB,Shedeur,Shedeur Sanders,Sanders,,0,6000,CLE@PIT,CLE,PIT,,,,,,QB,
121309-14225,QB,Andy,Andy Dalton,Dalton,3.109999895095830,2,6000,DAL@CAR,CAR,DAL,,,,,,QB,
121309-85983,QB,Hendon,Hendon Hooker,Hooker,0.6700000166893010,4,6000,DAL@CAR,CAR,DAL,,,,,,QB,
121309-129010,QB,DJ,DJ Uiagalelei,Uiagalelei,,0,6000,LAC@MIA,LAC,MIA,,,,,,QB,
121309-25079,WR,Stefon,Stefon Diggs,Diggs,11.280000305175800,5,5900,NE@NO,NE,NO,,,,,,WR/FLEX,
121309-87770,WR,Chris,Chris Olave,Olave,9.180000305175780,5,5900,NE@NO,NO,NE,,,,,,WR/FLEX,
121309-40845,TE,Hunter,Hunter Henry,Henry,10.3,5,5900,NE@NO,NE,NO,,,,,,TE/FLEX,
121309-103376,RB,Zach,Zach Charbonnet,Charbonnet,8.600000381469730,4,5900,SEA@JAC,SEA,JAC,,,,,,RB/FLEX,
121309-166916,WR,Matthew,Matthew Golden,Golden,5.25,4,5800,CIN@GB,GB,CIN,,,,,,WR/FLEX,
121309-152647,RB,TreVeyon,TreVeyon Henderson,Henderson,6.919999694824220,5,5800,NE@NO,NE,NO,,,,,,RB/FLEX,
121309-52436,TE,Mark,Mark Andrews,Andrews,7.1400001525878900,5,5800,LAR@BAL,BAL,LAR,,,,,,TE/FLEX,
121309-170287,WR,Rashid,Rashid Shaheed,Shaheed,11.05999984741210,5,5800,NE@NO,NO,NE,,,,,,WR/FLEX,
121309-55335,TE,David,David Njoku,Njoku,7.1,5,5700,CLE@PIT,CLE,PIT,,,,,,TE/FLEX,
121309-64555,WR,Calvin,Calvin Ridley,Ridley,7.540000152587890,5,5700,TEN@LV,TEN,LV,,,,,,WR/FLEX,
121309-80289,WR,Kendrick,Kendrick Bourne,Bourne,8.725000381469730,4,5700,SF@TB,SF,TB,,,,,,WR/FLEX,
121309-111540,RB,Rhamondre,Rhamondre Stevenson,Stevenson,8.759999847412110,5,5700,NE@NO,NE,NO,,,,,,RB/FLEX,
121309-91361,RB,Hassan,Hassan Haskins,Haskins,0.5,4,5600,LAC@MIA,LAC,MIA,,,,,,RB/FLEX,
121309-91467,TE,Jake,Jake Tonges,Tonges,8.819999694824220,5,5600,SF@TB,SF,TB,,,,,,TE/FLEX,
121309-90561,WR,Jerry,Jerry Jeudy,Jeudy,5.44000015258789,5,5600,CLE@PIT,CLE,PIT,,,,,,WR/FLEX,
121309-103252,RB,Zonovan,Zonovan Knight,Knight,2.9666665395100900,3,5600,ARI@IND,ARI,IND,,,,,,RB/FLEX,
121309-110457,WR,Dontayvion,Dontayvion Wicks,Wicks,4.099999904632570,4,5600,CIN@GB,GB,CIN,,,,,,WR/FLEX,
121309-79970,WR,Cooper,Cooper Kupp,Kupp,6.519999694824220,5,5500,SEA@JAC,SEA,JAC,,,,,,WR/FLEX,
121309-129305,WR,Josh,Josh Downs,Downs,5.5,5,5500,ARI@IND,IND,ARI,,,,,,WR/FLEX,
121309-94579,RB,Emari,Emari Demercado,Demercado,3.799999952316280,4,5500,ARI@IND,ARI,IND,,,,,,RB/FLEX,
121309-60957,WR,KaVontae,KaVontae Turpin,Turpin,7.425000190734860,4,5500,DAL@CAR,DAL,CAR,Q,Foot,,,,WR/FLEX,
121309-137953,TE,AJ,AJ Barner,Barner,8.95999984741211,5,5500,SEA@JAC,SEA,JAC,,,,,,TE/FLEX,
121309-103587,TE,Brenton,Brenton Strange,Strange,6.079999923706060,5,5400,SEA@JAC,JAC,SEA,IR,Quadriceps,,,,TE/FLEX,
121309-55635,WR,Chris,Chris Godwin Jr.,Godwin Jr.,4.099999904632570,2,5400,SF@TB,TB,SF,Q,Lower leg,,,,WR/FLEX,
121309-128633,RB,Kimani,Kimani Vidal,Vidal,1.2000000476837200,2,5400,LAC@MIA,LAC,MIA,,,,,,RB/FLEX,
121309-119653,WR,Kayshon,Kayshon Boutte,Boutte,7.259999847412110,5,5400,NE@NO,NE,NO,,,,,,WR/FLEX,
121309-160620,RB,Bhayshul,Bhayshul Tuten,Tuten,5.579999923706060,5,5400,SEA@JAC,JAC,SEA,Q,Shoulder,,,,RB/FLEX,
121309-184184,WR,Travis,Travis Hunter,Hunter,5.240000152587890,5,5400,SEA@JAC,JAC,SEA,,,,,,WR/FLEX,
121309-16606,WR,DeAndre,DeAndre Hopkins,Hopkins,6.259999847412110,5,5300,LAR@BAL,BAL,LAR,,,,,,WR/FLEX,
121309-87432,WR,Cedric,Cedric Tillman,Tillman,7.025000095367430,4,5300,CLE@PIT,CLE,PIT,IR,Hamstring,,,,WR/FLEX,
121309-172699,TE,Harold,Harold Fannin Jr.,Fannin Jr.,6.840000152587890,5,5300,CLE@PIT,CLE,PIT,,,,,,TE/FLEX,
121309-120657,RB,Kendre,Kendre Miller,Miller,5.279999923706060,5,5300,NE@NO,NO,NE,,,,,,RB/FLEX,
121309-64808,TE,Juwan,Juwan Johnson,Johnson,8.019999694824220,5,5200,NE@NO,NO,NE,Q,Ankle,,,,TE/FLEX,
121309-86312,WR,Alec,Alec Pierce,Pierce,7.200000127156580,3,5200,ARI@IND,IND,ARI,Q,Concussion,,,,WR/FLEX,
121309-137516,WR,Parker,Parker Washington,Washington,6,5,5200,SEA@JAC,JAC,SEA,,,,,,WR/FLEX,
121309-201233,WR,Ryan,Ryan Flournoy,Flournoy,8.366666793823240,3,5200,DAL@CAR,DAL,CAR,,,,,,WR/FLEX,
121309-90870,WR,Calvin,Calvin Austin III,Austin III,7.724999904632570,4,5200,CLE@PIT,PIT,CLE,Q,Shoulder,,,,WR/FLEX,
121309-90933,RB,Antonio,Antonio Gibson,Gibson,4.44000015258789,5,5200,NE@NO,NE,NO,O,Knee - acl,,,,RB/FLEX,
121309-71521,RB,Justice,Justice Hill,Hill,7.459999847412110,5,5200,LAR@BAL,BAL,LAR,,,,,,RB/FLEX,
121309-166112,RB,Ollie,Ollie Gordon II,Gordon II,2.6399999618530300,5,5100,LAC@MIA,MIA,LAC,,,,,,RB/FLEX,
121309-120042,WR,Jalen,Jalen McMillan,McMillan,8.714285714285710,14,5100,SF@TB,TB,SF,IR,Neck,,,,WR/FLEX,
121309-107293,RB,Tyjae,Tyjae Spears,Spears,1.399999976158140,1,5100,TEN@LV,TEN,LV,Q,Ankle,,,,RB/FLEX,
121309-172861,WR,Elic,Elic Ayomanor,Ayomanor,7.180000305175780,5,5100,TEN@LV,TEN,LV,,,,,,WR/FLEX,
121309-85845,WR,Rashod,Rashod Bateman,Bateman,4.44000015258789,5,5100,LAR@BAL,BAL,LAR,,,,,,WR/FLEX,
121309-27477,WR,Sterling,Sterling Shepard,Shepard,6.740000152587890,5,5100,SF@TB,TB,SF,,,,,,WR/FLEX,
121309-48116,TE,Jonnu,Jonnu Smith,Smith,5.025000095367430,4,5100,CLE@PIT,PIT,CLE,,,,,,TE/FLEX,
121309-71705,TE,Noah,Noah Fant,Fant,6,3,5000,CIN@GB,CIN,GB,,,,,,TE/FLEX,
121309-71845,RB,Miles,Miles Sanders,Sanders,5.675000190734860,4,5000,DAL@CAR,DAL,CAR,Q,Ankle,,,,RB/FLEX,
121309-12533,D,Green Bay,Green Bay Packers,Packers,5,4,5000,CIN@GB,GB,CIN,,,,,,DEF,
121309-93538,WR,Dyami,Dyami Brown,Brown,6.650000095367430,4,5000,SEA@JAC,JAC,SEA,Q,Shoulder,,,,WR/FLEX,
121309-38264,WR,Demarcus,Demarcus Robinson,Robinson,3.950000047683720,2,5000,SF@TB,SF,TB,,,,,,WR/FLEX,
121309-110974,WR,Malik,Malik Washington,Washington,4.540000152587890,5,5000,LAC@MIA,MIA,LAC,,,,,,WR/FLEX,
121309-45565,TE,Taysom,Taysom Hill,Hill,0.6600000262260440,1,5000,NE@NO,NO,NE,,,,,,TE/FLEX,
121309-89612,WR,Michael,Michael Wilson,Wilson,3.0399999618530300,5,5000,ARI@IND,ARI,IND,,,,,,WR/FLEX,
121309-90912,RB,Kenneth,Kenneth Gainwell,Gainwell,11.600000381469700,4,5000,CLE@PIT,PIT,CLE,,,,,,RB/FLEX,
121309-86244,TE,Pat,Pat Freiermuth,Freiermuth,3.3333333333333300,3,4900,CLE@PIT,PIT,CLE,,,,,,TE/FLEX,
121309-90533,RB,Jerome,Jerome Ford,Ford,3.5,5,4900,CLE@PIT,CLE,PIT,,,,,,RB/FLEX,
121309-114198,WR,Xavier,Xavier Legette,Legette,4.299999872843430,3,4900,DAL@CAR,CAR,DAL,,,,,,WR/FLEX,
121309-29501,WR,Brandin,Brandin Cooks,Cooks,3.2599998474121100,5,4900,NE@NO,NO,NE,,,,,,WR/FLEX,
121309-137059,RB,Sean,Sean Tucker,Tucker,0.3200000047683720,5,4900,SF@TB,TB,SF,,,,,,RB/FLEX,
121309-56265,TE,Mike,Mike Gesicki,Gesicki,2.0200000762939500,5,4900,CIN@GB,CIN,GB,,,,,,TE/FLEX,
121309-185593,WR,Andrei,Andrei Iosivas,Iosivas,5.200000127156580,3,4800,CIN@GB,CIN,GB,,,,,,WR/FLEX,
121309-12547,D,Pittsburgh,Pittsburgh Steelers,Steelers,8.5,4,4800,CLE@PIT,PIT,CLE,,,,,,DEF,
121309-90562,RB,Brian,Brian Robinson Jr.,Robinson Jr.,2.4200000762939500,5,4800,SF@TB,SF,TB,,,,,,RB/FLEX,
121309-88548,WR,Jalen,Jalen Tolbert,Tolbert,3.4200000762939500,5,4800,DAL@CAR,DAL,CAR,,,,,,WR/FLEX,
121309-137967,RB,Blake,Blake Corum,Corum,4.340000152587890,5,4800,LAR@BAL,LAR,BAL,,,,,,RB/FLEX,
121309-86811,TE,Cade,Cade Otton,Otton,4.125,4,4800,SF@TB,TB,SF,,,,,,TE/FLEX,
121309-92976,WR,Tutu,Tutu Atwell,Atwell,4.8799999237060500,5,4800,LAR@BAL,LAR,BAL,,,,,,WR/FLEX,
121309-174245,WR,Isaiah,Isaiah Bond,Bond,3.3599998474121100,5,4700,CLE@PIT,CLE,PIT,,,,,,WR/FLEX,
121309-87260,TE,Isaiah,Isaiah Likely,Likely,1.7000000476837200,1,4700,LAR@BAL,BAL,LAR,,,,,,TE/FLEX,
121309-52451,RB,Samaje,Samaje Perine,Perine,1.2,5,4700,CIN@GB,CIN,GB,,,,,,RB/FLEX,
121309-88297,TE,Chig,Chig Okonkwo,Okonkwo,5.1400001525878900,5,4700,TEN@LV,TEN,LV,,,,,,TE/FLEX,
121309-151789,WR,Adonai,Adonai Mitchell,Mitchell,3.0399999618530300,5,4700,ARI@IND,IND,ARI,,,,,,WR/FLEX,
121309-12550,D,Seattle,Seattle Seahawks,Seahawks,9.6,5,4700,SEA@JAC,SEA,JAC,,,,,,DEF,
121309-152103,RB,Jaylen,Jaylen Wright,Wright,1.9384615971491900,13,4700,LAC@MIA,MIA,LAC,,,,,,RB/FLEX,
121309-57986,WR,Hunter,Hunter Renfrow,Renfrow,5.44000015258789,5,4700,DAL@CAR,CAR,DAL,,,,,,WR/FLEX,
121309-134837,WR,Tory,Tory Horton,Horton,7.959999847412110,5,4700,SEA@JAC,SEA,JAC,,,,,,WR/FLEX,
121309-47870,TE,Tyler,Tyler Higbee,Higbee,3.066666603088380,3,4700,LAR@BAL,LAR,BAL,Q,Hip,,,,TE/FLEX,
121309-60451,TE,Tyler,Tyler Conklin,Conklin,2.75,4,4600,LAC@MIA,LAC,MIA,,,,,,TE/FLEX,
121309-28744,RB,Raheem,Raheem Mostert,Mostert,5,2,4600,TEN@LV,LV,TEN,,,,,,RB/FLEX,
121309-111876,WR,DeMario,DeMario Douglas,Douglas,3.2249999046325700,4,4600,NE@NO,NE,NO,,,,,,WR/FLEX,
121309-89627,WR,Brycen,Brycen Tremayne,Tremayne,3.825000047683720,4,4600,DAL@CAR,CAR,DAL,,,,,,WR/FLEX,
121309-104012,WR,Ashton,Ashton Dulin,Dulin,2.575000047683720,4,4600,ARI@IND,IND,ARI,,,,,,WR/FLEX,
121309-172646,RB,Trevor,Trevor Etienne,Etienne,1.1600000381469700,5,4600,DAL@CAR,CAR,DAL,,,,,,RB/FLEX,
121309-201547,WR,Jalen,Jalen Coker,Coker,6.6299997965494800,12,4600,DAL@CAR,CAR,DAL,IR,Quadriceps,,,,WR/FLEX,
121309-64389,WR,Nick,Nick Westbrook-Ikhine,Westbrook-Ikhine,1.5333333015441900,3,4600,LAC@MIA,MIA,LAC,,,,,,WR/FLEX,
121309-91101,TE,Tommy,Tommy Tremble,Tremble,4.1400001525878900,5,4600,DAL@CAR,CAR,DAL,,,,,,TE/FLEX,
121309-12548,D,Los Angeles,Los Angeles Chargers,Chargers,5.4,5,4500,LAC@MIA,LAC,MIA,,,,,,DEF,
121309-158983,TE,Ja'Tavion,Ja'Tavion Sanders,Sanders,4.899999936421710,3,4500,DAL@CAR,CAR,DAL,Q,Ankle,,,,TE/FLEX,
121309-151909,WR,Dont'e,Dont'e Thornton Jr.,Thornton Jr.,2.3799999237060500,5,4500,TEN@LV,LV,TEN,,,,,,WR/FLEX,
121309-174486,RB,Dylan,Dylan Sampson,Sampson,4.679999923706050,5,4500,CLE@PIT,CLE,PIT,,,,,,RB/FLEX,
121309-27050,WR,Tyler,Tyler Lockett,Lockett,1.7399999618530300,5,4500,TEN@LV,TEN,LV,,,,,,WR/FLEX,
121309-73176,TE,Luke,Luke Farrell,Farrell,2.924999952316280,4,4500,SF@TB,SF,TB,,,,,,TE/FLEX,
121309-87515,WR,Tylan,Tylan Wallace,Wallace,3.7999998728434200,3,4500,LAR@BAL,BAL,LAR,,,,,,WR/FLEX,
121309-25267,WR,Mack,Mack Hollins,Hollins,4.925000190734860,4,4500,NE@NO,NE,NO,,,,,,WR/FLEX,
121309-158438,TE,Oronde,Oronde Gadsden II,Gadsden II,3.866666793823240,3,4500,LAC@MIA,LAC,MIA,,,,,,TE/FLEX,
121309-103195,WR,Jordan,Jordan Whittington,Whittington,2.720000076293950,5,4500,LAR@BAL,LAR,BAL,,,,,,WR/FLEX,
121309-137122,RB,Tahj,Tahj Brooks,Brooks,1.7000000476837200,1,4500,CIN@GB,CIN,GB,,,,,,RB/FLEX,
121309-69558,WR,Greg,Greg Dortch,Dortch,2.3600000381469700,5,4500,ARI@IND,ARI,IND,,,,,,WR/FLEX,
121309-103511,WR,Devaughn,Devaughn Vele,Vele,3.633333206176760,3,4400,NE@NO,NO,NE,,,,,,WR/FLEX,
121309-129112,WR,Chimere,Chimere Dike,Dike,1.4,5,4400,TEN@LV,TEN,LV,,,,,,WR/FLEX,
121309-40126,TE,Austin,Austin Hooper,Hooper,3.375,4,4400,NE@NO,NE,NO,,,,,,TE/FLEX,
121309-170188,TE,Tanner,Tanner Conner,Conner,2.4666666984558100,3,4400,LAC@MIA,MIA,LAC,,,,,,TE/FLEX,
121309-12538,D,Los Angeles,Los Angeles Rams,Rams,7,5,4400,LAR@BAL,LAR,BAL,,,,,,DEF,
121309-41305,WR,Zay,Zay Jones,Jones,2.066666603088380,3,4400,ARI@IND,ARI,IND,Q,Knee,,,,WR/FLEX,
121309-91488,RB,Chris,Chris Brooks,Brooks,1.8666666348775200,3,4400,CIN@GB,GB,CIN,,,,,,RB/FLEX,
121309-152258,TE,Elijah,Elijah Arroyo,Arroyo,2.4399999618530300,5,4400,SEA@JAC,SEA,JAC,,,,,,TE/FLEX,
121309-40647,WR,Marquez,Marquez Valdes-Scantling,Valdes-Scantling,0.9333333174387610,3,4400,SF@TB,SF,TB,,,,,,WR/FLEX,
121309-120642,WR,Savion,Savion Williams,Williams,1.6749999523162800,4,4400,CIN@GB,GB,CIN,Q,Groin,,,,WR/FLEX,
121309-128912,WR,Mitch,Mitch Tinsley,Tinsley,3.066666603088380,3,4400,CIN@GB,CIN,GB,,,,,,WR/FLEX,
121309-79987,WR,David,David Moore,Moore,0.7333333492279050,3,4300,DAL@CAR,CAR,DAL,IR,Elbow,,,,WR/FLEX,
121309-151741,WR,Jack,Jack Bech,Bech,2.8333333333333300,3,4300,TEN@LV,LV,TEN,,,,,,WR/FLEX,
121309-12541,D,New England,New England Patriots,Patriots,8.2,5,4300,NE@NO,NE,NO,,,,,,DEF,
121309-137488,RB,Rasheen,Rasheen Ali,Ali,0.125,4,4300,LAR@BAL,BAL,LAR,,,,,,RB/FLEX,
121309-91417,TE,Luke,Luke Schoonmaker,Schoonmaker,0.7199999809265140,5,4300,DAL@CAR,DAL,CAR,,,,,,TE/FLEX,
121309-60712,TE,Foster,Foster Moreau,Moreau,5.820000203450520,15,4300,NE@NO,NO,NE,,,,,,TE/FLEX,
121309-56711,TE,Drew,Drew Sample,Sample,2.6500000953674300,4,4300,CIN@GB,CIN,GB,Q,Ankle,,,,TE/FLEX,
121309-102831,TE,Davis,Davis Allen,Allen,3.959999847412110,5,4300,LAR@BAL,LAR,BAL,,,,,,TE/FLEX,
121309-185861,RB,Emanuel,Emanuel Wilson,Wilson,3.125,4,4300,CIN@GB,GB,CIN,,,,,,RB/FLEX,
121309-138786,WR,Malik,Malik Heath,Heath,2.799999952316280,2,4300,CIN@GB,GB,CIN,,,,,,WR/FLEX,
121309-113228,TE,Luke,Luke Musgrave,Musgrave,2.066666603088380,3,4300,CIN@GB,GB,CIN,,,,,,TE/FLEX,
121309-155293,RB,DJ,DJ Giddens,Giddens,1.649999976158140,4,4300,ARI@IND,IND,ARI,,,,,,RB/FLEX,
121309-138998,TE,Michael,Michael Mayer,Mayer,2.566666603088380,3,4300,TEN@LV,LV,TEN,,,,,,TE/FLEX,
121309-57091,WR,Tim,Tim Patrick,Patrick,0.625,4,4300,SEA@JAC,JAC,SEA,,,,,,WR/FLEX,
121309-156527,WR,Devontez,Devontez Walker,Walker,9.75,2,4300,LAR@BAL,BAL,LAR,Q,Oblique,,,,WR/FLEX,
121309-166801,RB,Jaydon,Jaydon Blue,Blue,0.699999988079071,1,4300,DAL@CAR,DAL,CAR,,,,,,RB/FLEX,
121309-64581,WR,Van,Van Jefferson,Jefferson,1.4666666984558100,3,4200,TEN@LV,TEN,LV,Q,Ankle,,,,WR/FLEX,
121309-95370,TE,Ryan,Ryan Miller,Miller,2.8333333333333300,3,4200,SF@TB,TB,SF,,,,,,TE/FLEX,
121309-112780,WR,Jamari,Jamari Thrash,Thrash,1.625,4,4200,CLE@PIT,CLE,PIT,,,,,,WR/FLEX,
121309-170184,RB,Julius,Julius Chestnut,Chestnut,0.7749999761581420,4,4200,TEN@LV,TEN,LV,,,,,,RB/FLEX,
121309-12535,D,Indianapolis,Indianapolis Colts,Colts,10.2,5,4200,ARI@IND,IND,ARI,,,,,,DEF,
121309-56708,TE,Will,Will Dissly,Dissly,1.75,2,4200,LAC@MIA,LAC,MIA,,,,,,TE/FLEX,
121309-91578,RB,Zamir,Zamir White,White,1.9666666984558100,3,4200,TEN@LV,LV,TEN,,,,,,RB/FLEX,
121309-112062,WR,Skyy,Skyy Moore,Moore,0.3200000047683720,5,4200,SF@TB,SF,TB,,,,,,WR/FLEX,
121309-71105,WR,Ben,Ben Skowronek,Skowronek,4.349999904632570,2,4200,CLE@PIT,PIT,CLE,Q,Illness,,,,WR/FLEX,
121309-109008,WR,Jalen,Jalen Cropper,Cropper,0,1,4200,DAL@CAR,DAL,CAR,,,,,,WR/FLEX,
121309-39428,RB,Kyle,Kyle Juszczyk,Juszczyk,4,5,4200,SF@TB,SF,TB,,,,,,RB/FLEX,
121309-114231,RB,George,George Holani,Holani,0.800000011920929,4,4200,SEA@JAC,SEA,JAC,,,,,,RB/FLEX,
121309-102986,TE,Elijah,Elijah Higgins,Higgins,2.375,4,4200,ARI@IND,ARI,IND,,,,,,TE/FLEX,
121309-152148,TE,Gunnar,Gunnar Helm,Helm,3.0600000381469700,5,4200,TEN@LV,TEN,LV,,,,,,TE/FLEX,
121309-128624,WR,Tez,Tez Johnson,Johnson,2.424999952316280,4,4200,SF@TB,TB,SF,,,,,,WR/FLEX,
121309-88752,WR,Charlie,Charlie Jones,Jones,0,5,4200,CIN@GB,CIN,GB,Q,Achilles,,,,WR/FLEX,
121309-157438,WR,Jimmy,Jimmy Horn Jr.,Horn Jr.,4.099999904632570,1,4200,DAL@CAR,CAR,DAL,,,,,,WR/FLEX,
121309-69451,TE,Jack,Jack Stoll,Stoll,5.150000095367430,2,4200,NE@NO,NO,NE,,,,,,TE/FLEX,
121309-85842,TE,Brevyn,Brevyn Spann-Ford,Spann-Ford,0.4000000059604650,2,4200,DAL@CAR,DAL,CAR,,,,,,TE/FLEX,
121309-166749,RB,LeQuint,LeQuint Allen Jr.,Allen Jr.,1.1,5,4200,SEA@JAC,JAC,SEA,,,,,,RB/FLEX,
121309-93075,TE,Hunter,Hunter Long,Long,4.974999904632570,4,4200,SEA@JAC,JAC,SEA,,,,,,TE/FLEX,
121309-168916,RB,Kaleb,Kaleb Johnson,Johnson,0.033333333830038700,3,4200,CLE@PIT,PIT,CLE,,,,,,RB/FLEX,
121309-93150,WR,Jake,Jake Bobo,Bobo,2.200000047683720,1,4200,SEA@JAC,SEA,JAC,,,,,,WR/FLEX,
121309-85986,TE,James,James Mitchell,Mitchell,2.1500000953674300,2,4200,DAL@CAR,CAR,DAL,,,,,,TE/FLEX,
121309-105648,RB,Tyler,Tyler Goodson,Goodson,0.550000011920929,2,4100,ARI@IND,IND,ARI,Q,Groin,,,,RB/FLEX,
121309-93391,TE,Payne,Payne Durham,Durham,0,1,4100,SF@TB,TB,SF,,,,,,TE/FLEX,
121309-63717,RB,Alec,Alec Ingold,Ingold,0.9666666984558110,3,4100,LAC@MIA,MIA,LAC,,,,,,RB/FLEX,
121309-12549,D,San Francisco,San Francisco 49ers,49ers,5.4,5,4100,SF@TB,SF,TB,,,,,,DEF,
121309-136538,WR,Kyle,Kyle Williams,Williams,0.9333333174387610,3,4100,NE@NO,NE,NO,,,,,,WR/FLEX,
121309-154971,RB,Devin,Devin Neal,Neal,0.8999999761581420,1,4100,NE@NO,NO,NE,,,,,,RB/FLEX,
121309-133477,TE,Darnell,Darnell Washington,Washington,2.75,2,4100,CLE@PIT,PIT,CLE,,,,,,TE/FLEX,
121309-56698,WR,Dante,Dante Pettis,Pettis,3.25,8,4100,NE@NO,NO,NE,,,,,,WR/FLEX,
121309-94621,WR,Derius,Derius Davis,Davis,-0.5,3,4100,LAC@MIA,LAC,MIA,Q,Knee,,,,WR/FLEX,
121309-91618,TE,John,John FitzPatrick,FitzPatrick,4.449999809265140,2,4100,CIN@GB,GB,CIN,,,,,,TE/FLEX,
121309-72182,WR,Dee,Dee Eskridge,Eskridge,0.675000011920929,4,4100,LAC@MIA,MIA,LAC,,,,,,WR/FLEX,
121309-185850,TE,Julian,Julian Hill,Hill,2.375,4,4100,LAC@MIA,MIA,LAC,,,,,,TE/FLEX,
121309-129546,WR,Tre',Tre' Harris,Harris,1.5,4,4100,LAC@MIA,LAC,MIA,,,,,,WR/FLEX,
121309-89613,WR,Simi,Simi Fehoko,Fehoko,2.720000076293950,5,4100,ARI@IND,ARI,IND,,,,,,WR/FLEX,
121309-89644,RB,Isaac,Isaac Guerendo,Guerendo,0,4,4100,SF@TB,SF,TB,,,,,,RB/FLEX,
121309-201260,WR,Mason,Mason Tipton,Tipton,1.8777777353922500,9,4100,NE@NO,NO,NE,,,,,,WR/FLEX,
121309-85635,TE,Charlie,Charlie Kolar,Kolar,2.3499999046325700,2,4100,LAR@BAL,BAL,LAR,,,,,,TE/FLEX,
121309-138037,WR,Roman,Roman Wilson,Wilson,1.2000000476837200,1,4100,CLE@PIT,PIT,CLE,,,,,,WR/FLEX,
121309-91055,WR,Kevin,Kevin Austin Jr.,Austin Jr.,0,1,4100,NE@NO,NO,NE,,,,,,WR/FLEX,
121309-24533,TE,Mo,Mo Alie-Cox,Alie-Cox,1.899999976158140,2,4100,ARI@IND,IND,ARI,,,,,,TE/FLEX,
121309-70661,WR,Velus,Velus Jones Jr.,Jones Jr.,0,3,4000,NE@NO,NO,NE,,,,,,WR/FLEX,
121309-92166,WR,Marcus,Marcus Jones,Jones,1.2,5,4000,NE@NO,NE,NO,,,,,,WR/FLEX,
121309-90123,TE,Quintin,Quintin Morris,Morris,2.4200000762939500,5,4000,SEA@JAC,JAC,SEA,,,,,,TE/FLEX,
121309-226319,WR,Junior,Junior Bergen,Bergen,,0,4000,SF@TB,SF,TB,,,,,,WR/FLEX,
121309-110617,WR,Isaiah,Isaiah Neyor,Neyor,,0,4000,CIN@GB,GB,CIN,,,,,,WR/FLEX,
121309-110616,TE,Treyton,Treyton Welch,Welch,,0,4000,NE@NO,NO,NE,,,,,,TE/FLEX,
121309-152603,RB,Anthony,Anthony Tyus III,Tyus III,,0,4000,DAL@CAR,CAR,DAL,,,,,,RB/FLEX,
121309-86047,RB,Malik,Malik Davis,Davis,,0,4000,DAL@CAR,DAL,CAR,,,,,,RB/FLEX,
121309-138277,WR,Jalen,Jalen Brooks,Brooks,2.284615443303040,13,4000,DAL@CAR,DAL,CAR,Q,Knee,,,,WR/FLEX,
121309-88109,RB,Gary,Gary Brightwell,Brightwell,0,1,4000,CIN@GB,CIN,GB,,,,,,RB/FLEX,
121309-129081,RB,Ahmani,Ahmani Marshall,Marshall,,0,4000,CLE@PIT,CLE,PIT,,,,,,RB/FLEX,
121309-87109,WR,Bryce,Bryce Oliver,Oliver,1.2999999523162800,1,4000,TEN@LV,TEN,LV,Q,Knee,,,,WR/FLEX,
121309-72776,RB,Alexander,Alexander Mattison,Mattison,7.96000010172526,15,4000,LAC@MIA,MIA,LAC,IR,Neck,,,,RB/FLEX,
121309-112715,WR,Joshua,Joshua Cephus,Cephus,,0,4000,SEA@JAC,JAC,SEA,IR,Undisclosed,,,,WR/FLEX,
121309-103506,TE,Nick,Nick Kallerup,Kallerup,,0,4000,SEA@JAC,SEA,JAC,,,,,,TE/FLEX,
121309-89185,TE,Ben,Ben Sims,Sims,1.2399999618530300,5,4000,CIN@GB,GB,CIN,,,,,,TE/FLEX,
121309-114787,RB,Terrell,Terrell Jennings,Jennings,1.649999976158140,2,4000,NE@NO,NE,NO,,,,,,RB/FLEX,
121309-169067,TE,Bryce,Bryce Pierre,Pierre,,0,4000,DAL@CAR,CAR,DAL,,,,,,TE/FLEX,
121309-68714,TE,Ko,Ko Kieft,Kieft,0,1,4000,SF@TB,TB,SF,IR,Leg,,,,TE/FLEX,
121309-79980,TE,Eric,Eric Saubert,Saubert,0.8500000238418580,2,4000,SEA@JAC,SEA,JAC,,,,,,TE/FLEX,
121309-158836,RB,Lucas,Lucas Scott,Scott,,0,4000,LAR@BAL,BAL,LAR,,,,,,RB/FLEX,
121309-46200,TE,Daniel,Daniel Brunskill,Brunskill,0,1,4000,LAC@MIA,MIA,LAC,,,,,,TE/FLEX,
121309-64634,WR,Alex,Alex Bachman,Bachman,0.4666666587193810,3,4000,TEN@LV,LV,TEN,,,,,,WR/FLEX,
121309-129147,WR,John,John Saunders Jr.,Saunders Jr.,,0,4000,LAC@MIA,MIA,LAC,,,,,,WR/FLEX,
121309-68730,TE,Sean,Sean McKeon,McKeon,,0,4000,ARI@IND,IND,ARI,,,,,,TE/FLEX,
121309-110721,WR,Dayton,Dayton Wade,Wade,,0,4000,LAR@BAL,BAL,LAR,IR,Ribs,,,,WR/FLEX,
121309-87179,TE,Thomas,Thomas Yassmin,Yassmin,,0,4000,LAC@MIA,LAC,MIA,,,,,,TE/FLEX,
121309-135325,TE,Rivaldo,Rivaldo Fairweather,Fairweather,,0,4000,DAL@CAR,DAL,CAR,,,,,,TE/FLEX,
121309-62628,WR,DeAndre,DeAndre Carter,Carter,0,4,4000,CLE@PIT,CLE,PIT,IR,Knee,,,,WR/FLEX,
121309-83117,TE,Tanner,Tanner Hudson,Hudson,3.2222222222222200,9,4000,CIN@GB,CIN,GB,,,,,,TE/FLEX,
121309-151726,TE,Robbie,Robbie Ouzts,Ouzts,,0,4000,SEA@JAC,SEA,JAC,IR,Ankle,,,,TE/FLEX,
121309-201903,WR,Coleman,Coleman Owen,Owen,,0,4000,ARI@IND,IND,ARI,,,,,,WR/FLEX,
121309-86203,WR,Justin,Justin Shorter,Shorter,0,1,4000,TEN@LV,LV,TEN,,,,,,WR/FLEX,
121309-65724,RB,JaMycal,JaMycal Hasty,Hasty,2.1636362942782300,11,4000,LAC@MIA,MIA,LAC,,,,,,RB/FLEX,
121309-131266,RB,Lan,Lan Larison,Larison,,0,4000,NE@NO,NE,NO,IR,Foot,,,,RB/FLEX,
121309-57543,RB,D'Ernest,D'Ernest Johnson,Johnson,2.491666634877520,12,4000,ARI@IND,ARI,IND,,,,,,RB/FLEX,
121309-70859,TE,Albert,Albert Okwuegbunam Jr.,Okwuegbunam Jr.,6.099999904632570,1,4000,TEN@LV,LV,TEN,,,,,,TE/FLEX,
121309-166095,RB,Cody,Cody Schrader,Schrader,0.4666666587193810,3,4000,SEA@JAC,JAC,SEA,,,,,,RB/FLEX,
121309-104661,TE,Patrick,Patrick Herbert,Herbert,,0,4000,SEA@JAC,JAC,SEA,,,,,,TE/FLEX,
121309-25813,WR,Phillip,Phillip Dorsett II,Dorsett II,,0,4000,TEN@LV,LV,TEN,,,,,,WR/FLEX,
121309-95455,WR,D.J.,D.J. Montgomery,Montgomery,,0,4000,ARI@IND,IND,ARI,IR,Undisclosed,,,,WR/FLEX,
121309-226525,WR,Chandler,Chandler Brayboy,Brayboy,,0,4000,SEA@JAC,JAC,SEA,,,,,,WR/FLEX,
121309-120035,TE,Mark,Mark Redman,Redman,,0,4000,LAR@BAL,LAR,BAL,,,,,,TE/FLEX,
121309-170208,WR,Kaden,Kaden Davis,Davis,0,1,4000,CLE@PIT,CLE,PIT,,,,,,WR/FLEX,
121309-170214,WR,Dennis,Dennis Houston,Houston,,0,4000,SF@TB,TB,SF,,,,,,WR/FLEX,
121309-130276,WR,Mason,Mason Kinsey,Kinsey,0.5400000095367430,5,4000,TEN@LV,TEN,LV,,,,,,WR/FLEX,
121309-86255,TE,Josh,Josh Whyle,Whyle,3.11999994913737,15,4000,CIN@GB,GB,CIN,,,,,,TE/FLEX,
121309-110834,WR,Tahj,Tahj Washington,Washington,,0,4000,LAC@MIA,MIA,LAC,,,,,,WR/FLEX,
121309-151806,RB,Raheim,Raheim Sanders,Sanders,6.300000190734860,1,4000,CLE@PIT,CLE,PIT,,,,,,RB/FLEX,
121309-61693,TE,Danny,Danny Pinter,Pinter,0,1,4000,ARI@IND,IND,ARI,,,,,,TE/FLEX,
121309-71935,WR,Kendric,Kendric Pryor,Pryor,1.399999976158140,1,4000,CIN@GB,CIN,GB,,,,,,WR/FLEX,
121309-55552,RB,Jeff,Jeff Wilson Jr.,Wilson Jr.,1.1375000476837200,8,4000,LAC@MIA,MIA,LAC,,,,,,RB/FLEX,
121309-12554,D,Jacksonville,Jacksonville Jaguars,Jaguars,10.6,5,4000,SEA@JAC,JAC,SEA,,,,,,DEF,
121309-174355,WR,Jeremiah,Jeremiah Webb,Webb,,0,4000,NE@NO,NE,NO,,,,,,WR/FLEX,
121309-110868,RB,Josh,Josh Williams,Williams,0,1,4000,SF@TB,TB,SF,,,,,,RB/FLEX,
121309-92479,TE,David,David Martin-Robinson,Martin-Robinson,0.2750000059604650,4,4000,TEN@LV,TEN,LV,,,,,,TE/FLEX,
121309-156997,WR,Tru,Tru Edwards,Edwards,,0,4000,LAR@BAL,LAR,BAL,,,,,,WR/FLEX,
121309-137567,TE,Jalin,Jalin Conyers,Conyers,,0,4000,LAC@MIA,MIA,LAC,IR,Leg,,,,TE/FLEX,
121309-153957,TE,Zaire,Zaire Mitchell-Paden,Mitchell-Paden,0.4000000059604650,2,4000,LAR@BAL,BAL,LAR,,,,,,TE/FLEX,
121309-151915,TE,Terrance,Terrance Ferguson,Ferguson,2.5999999046325700,1,4000,LAR@BAL,LAR,BAL,,,,,,TE/FLEX,
121309-89455,WR,Jayden,Jayden Reed,Reed,12,1,4000,CIN@GB,GB,CIN,IR,Collarbone,,,,WR/FLEX,
121309-133484,WR,Jermaine,Jermaine Burton,Burton,1.587499976158140,8,4000,CIN@GB,CIN,GB,,,,,,WR/FLEX,
121309-90480,TE,Joel,Joel Wilson,Wilson,,0,4000,TEN@LV,TEN,LV,,,,,,TE/FLEX,
121309-90483,TE,Bernhard,Bernhard Raimann,Raimann,0,2,4000,ARI@IND,IND,ARI,,,,,,TE/FLEX,
121309-94600,WR,John,John Stephens Jr.,Stephens Jr.,,0,4000,DAL@CAR,DAL,CAR,IR,Undisclosed,,,,WR/FLEX,
121309-154000,WR,Konata,Konata Mumpfield,Mumpfield,,0,4000,LAR@BAL,LAR,BAL,,,,,,WR/FLEX,
121309-87442,TE,Princeton,Princeton Fant,Fant,0,2,4000,DAL@CAR,DAL,CAR,,,,,,TE/FLEX,
121309-43416,WR,Trent,Trent Taylor,Taylor,1.600000023841860,1,4000,SF@TB,SF,TB,IR,Undisclosed,,,,WR/FLEX,
121309-138649,WR,LaJohntay,LaJohntay Wester,Wester,0,4,4000,LAR@BAL,BAL,LAR,,,,,,WR/FLEX,
121309-92573,TE,Travis,Travis Vokolek,Vokolek,0,1,4000,ARI@IND,ARI,IND,,,,,,TE/FLEX,
121309-114079,TE,Hayden,Hayden Rucci,Rucci,,0,4000,LAC@MIA,MIA,LAC,,,,,,TE/FLEX,
121309-60838,WR,Andre,Andre Baccellia,Baccellia,,0,4000,ARI@IND,ARI,IND,,,,,,WR/FLEX,
121309-80299,RB,Patrick,Patrick Ricard,Ricard,2.616666634877520,6,4000,LAR@BAL,BAL,LAR,Q,Calf,,,,RB/FLEX,
121309-112044,WR,Dalevon,Dalevon Campbell,Campbell,,0,4000,DAL@CAR,CAR,DAL,IR,Hamstring,,,,WR/FLEX,
121309-53681,WR,Tyreek,Tyreek Hill,Hill,11.5,4,4000,LAC@MIA,MIA,LAC,IR,Knee - acl,,,,WR/FLEX,
121309-40371,TE,Johnny,Johnny Mundt,Mundt,0.6000000238418580,4,4000,SEA@JAC,JAC,SEA,,,,,,TE/FLEX,
121309-133558,WR,Luke,Luke Floriea,Floriea,,0,4000,CLE@PIT,CLE,PIT,,,,,,WR/FLEX,
121309-129466,TE,Gee,Gee Scott Jr.,Scott Jr.,,0,4000,NE@NO,NE,NO,,,,,,TE/FLEX,
121309-114109,WR,Ainias,Ainias Smith,Smith,2.839999961853030,5,4000,DAL@CAR,CAR,DAL,,,,,,WR/FLEX,
121309-92606,WR,Bo,Bo Melton,Melton,0,1,4000,CIN@GB,GB,CIN,,,,,,WR/FLEX,
121309-206276,WR,Jaden,Jaden Smith,Smith,,0,4000,SF@TB,TB,SF,IR,Undisclosed,,,,WR/FLEX,
121309-113096,WR,Xavier,Xavier Smith,Smith,0.8199999809265140,5,4000,LAR@BAL,LAR,BAL,,,,,,WR/FLEX,
121309-90575,RB,Najee,Najee Harris,Harris,3.366666793823240,3,4000,LAC@MIA,LAC,MIA,IR,Achilles,,,,RB/FLEX,
121309-102882,WR,Anthony,Anthony Gould,Gould,0,4,4000,ARI@IND,IND,ARI,,,,,,WR/FLEX,
121309-89586,TE,Tucker,Tucker Fisk,Fisk,0,2,4000,LAC@MIA,LAC,MIA,,,,,,TE/FLEX,
121309-89588,TE,Colby,Colby Parkinson,Parkinson,0.36666667461395300,3,4000,LAR@BAL,LAR,BAL,Q,Concussion,,,,TE/FLEX,
121309-102902,WR,Trey,Trey Palmer,Palmer,2.085714340209960,14,4000,NE@NO,NO,NE,IR,Ankle,,,,WR/FLEX,
121309-156152,WR,Tejhaun,Tejhaun Palmer,Palmer,,0,4000,ARI@IND,ARI,IND,,,,,,WR/FLEX,
121309-60930,RB,Myles,Myles Gaskin,Gaskin,0.375,4,4000,SEA@JAC,SEA,JAC,,,,,,RB/FLEX,
121309-185863,RB,Hunter,Hunter Luepke,Luepke,1.0499999523162800,2,4000,DAL@CAR,DAL,CAR,,,,,,RB/FLEX,
121309-113160,WR,Jakobie,Jakobie Keeney-James,Keeney-James,,0,4000,CIN@GB,GB,CIN,,,,,,WR/FLEX,
121309-201230,RB,Dylan,Dylan Laube,Laube,0.5800000190734860,5,4000,TEN@LV,LV,TEN,,,,,,RB/FLEX,
121309-86543,WR,Erik,Erik Ezukanma,Ezukanma,0,1,4000,SEA@JAC,JAC,SEA,,,,,,WR/FLEX,
121309-154124,TE,Mitchell,Mitchell Evans,Evans,4.875,4,4000,DAL@CAR,CAR,DAL,,,,,,TE/FLEX,
121309-128535,TE,Maximilian,Maximilian Mang,Mang,,0,4000,ARI@IND,IND,ARI,,,,,,TE/FLEX,
121309-129560,WR,Xavier,Xavier Restrepo,Restrepo,,0,4000,TEN@LV,TEN,LV,,,,,,WR/FLEX,
121309-160287,RB,Amar,Amar Johnson,Johnson,,0,4000,LAC@MIA,LAC,MIA,,,,,,RB/FLEX,
121309-185889,TE,Tanner,Tanner Taula,Taula,,0,4000,SF@TB,TB,SF,,,,,,TE/FLEX,
121309-160306,RB,Pierre,Pierre Strong Jr.,Strong Jr.,2.3500000635782900,12,4000,CIN@GB,GB,CIN,,,,,,RB/FLEX,
121309-60981,TE,Charlie,Charlie Heck,Heck,,0,4000,SF@TB,TB,SF,,,,,,TE/FLEX,
121309-226875,WR,Ja'seem,Ja'seem Reed,Reed,,0,4000,DAL@CAR,CAR,DAL,,,,,,WR/FLEX,
121309-226878,TE,Carter,Carter Runyon,Runyon,,0,4000,TEN@LV,LV,TEN,,,,,,TE/FLEX,
121309-112192,WR,Jonathan,Jonathan Mingo,Mingo,1.6928571973528200,14,4000,DAL@CAR,DAL,CAR,IR,Knee - pcl,,,,WR/FLEX,
121309-114252,WR,Xavier,Xavier Weaver,Weaver,0,1,4000,ARI@IND,ARI,IND,,,,,,WR/FLEX,
121309-54863,WR,C.J.,C.J. Goodwin,Goodwin,0,4,4000,DAL@CAR,DAL,CAR,,,,,,WR/FLEX,
121309-104019,TE,Matt,Matt Orzech,Orzech,0,2,4000,CIN@GB,GB,CIN,,,,,,TE/FLEX,
121309-87634,TE,Blake,Blake Whiteheart,Whiteheart,0,1,4000,CLE@PIT,CLE,PIT,,,,,,TE/FLEX,
121309-86612,TE,Brayden,Brayden Willis,Willis,0,1,4000,SF@TB,SF,TB,,,,,,TE/FLEX,
121309-27229,RB,Ameer,Ameer Abdullah,Abdullah,6.599999904632570,1,4000,ARI@IND,IND,ARI,,,,,,RB/FLEX,
121309-138854,WR,Ke'Shawn,Ke'Shawn Williams,Williams,,0,4000,CLE@PIT,PIT,CLE,,,,,,WR/FLEX,
121309-129641,WR,Will,Will Sheppard,Sheppard,,0,4000,CIN@GB,GB,CIN,,,,,,WR/FLEX,
121309-147049,TE,Drew,Drew Ogletree,Ogletree,1.9454545107754800,11,4000,ARI@IND,IND,ARI,,,,,,TE/FLEX,
121309-88685,WR,Austin,Austin Trammell,Trammell,3,1,4000,SEA@JAC,JAC,SEA,,,,,,WR/FLEX,
121309-206447,RB,Max,Max Hurleman,Hurleman,,0,4000,CLE@PIT,PIT,CLE,,,,,,RB/FLEX,
121309-94831,RB,Deneric,Deneric Prince,Prince,,0,4000,NE@NO,NE,NO,IR,Undisclosed,,,,RB/FLEX,
121309-87668,WR,Shedrick,Shedrick Jackson,Jackson,,0,4000,TEN@LV,LV,TEN,,,,,,WR/FLEX,
121309-86646,RB,Trey,Trey Sermon,Sermon,0,1,4000,CLE@PIT,PIT,CLE,,,,,,RB/FLEX,
121309-104054,RB,Sincere,Sincere McCormick,McCormick,6.050000190734860,4,4000,SF@TB,SF,TB,,,,,,RB/FLEX,
121309-201342,RB,Chris,Chris Collier,Collier,0.2166666587193810,6,4000,TEN@LV,LV,TEN,,,,,,RB/FLEX,
121309-87690,TE,Sal,Sal Cannella,Cannella,,0,4000,CLE@PIT,CLE,PIT,,,,,,TE/FLEX,
121309-135824,WR,Luke,Luke Grimm,Grimm,,0,4000,LAC@MIA,LAC,MIA,,,,,,WR/FLEX,
121309-110230,RB,Kenny,Kenny McIntosh,McIntosh,2.322222179836700,9,4000,SEA@JAC,SEA,JAC,IR,Knee - acl,,,,RB/FLEX,
121309-136857,RB,Ja'Quinden,Ja'Quinden Jackson,Jackson,,0,4000,SEA@JAC,JAC,SEA,,,,,,RB/FLEX,
121309-137889,WR,Brennan,Brennan Presley,Presley,,0,4000,LAR@BAL,LAR,BAL,,,,,,WR/FLEX,
121309-86692,TE,Thomas,Thomas Odukoya,Odukoya,,0,4000,TEN@LV,TEN,LV,,,,,,TE/FLEX,
121309-104102,TE,Leroy,Leroy Watson IV,Watson IV,0,1,4000,TEN@LV,LV,TEN,,,,,,TE/FLEX,
121309-128681,TE,Caden,Caden Prieskorn,Prieskorn,,0,4000,SF@TB,TB,SF,,,,,,TE/FLEX,
121309-94888,TE,Messiah,Messiah Swinson,Swinson,,0,4000,SF@TB,SF,TB,,,,,,TE/FLEX,
121309-103083,WR,Theo,Theo Wease Jr.,Wease Jr.,,0,4000,LAC@MIA,MIA,LAC,,,,,,WR/FLEX,
121309-152232,WR,Jordan,Jordan Moore,Moore,,0,4000,CIN@GB,CIN,GB,,,,,,WR/FLEX,
121309-110259,WR,Treylon,Treylon Burks,Burks,1.1,5,4000,TEN@LV,TEN,LV,Q,Collarbone,,,,WR/FLEX,
121309-52916,WR,Russell,Russell Gage Jr.,Gage Jr.,,0,4000,SF@TB,SF,TB,,,,,,WR/FLEX,
121309-61112,TE,Josiah,Josiah Deguara,Deguara,0.9666666984558110,3,4000,ARI@IND,ARI,IND,,,,,,TE/FLEX,
121309-110274,WR,Bub,Bub Means,Means,5.574999809265140,4,4000,NE@NO,NO,NE,IR,Lower leg,,,,WR/FLEX,
121309-193226,TE,Mason,Mason Pline,Pline,,0,4000,NE@NO,NO,NE,IR,Upper body,,,,TE/FLEX,
121309-114382,WR,Cade,Cade McDonald,McDonald,,0,4000,CLE@PIT,CLE,PIT,IR,Undisclosed,,,,WR/FLEX,
121309-63186,WR,James,James Proche II,Proche II,0.1777777804268730,9,4000,TEN@LV,TEN,LV,,,,,,WR/FLEX,
121309-92882,TE,Connor,Connor Heyward,Heyward,0.6499999761581420,2,4000,CLE@PIT,PIT,CLE,,,,,,TE/FLEX,
121309-142042,RB,Trey,Trey Benson,Benson,7.224999904632570,4,4000,ARI@IND,ARI,IND,IR,Knee - meniscus,,,,RB/FLEX,
121309-92890,WR,Cody,Cody White,White,0,1,4000,SEA@JAC,SEA,JAC,,,,,,WR/FLEX,
121309-111325,RB,Ulysses,Ulysses Bentley IV,Bentley IV,0,1,4000,ARI@IND,IND,ARI,,,,,,RB/FLEX,
121309-104165,RB,Lew,Lew Nichols,Nichols,0,1,4000,CLE@PIT,PIT,CLE,,,,,,RB/FLEX,
121309-86762,TE,Jack,Jack Westover,Westover,0,1,4000,NE@NO,NE,NO,,,,,,TE/FLEX,
121309-137966,WR,A.J.,A.J. Henning,Henning,,0,4000,LAC@MIA,MIA,LAC,,,,,,WR/FLEX,
121309-40687,RB,James,James Conner,Conner,9.766666412353520,3,4000,ARI@IND,ARI,IND,IR,Foot,,,,RB/FLEX,
121309-131835,WR,Efton,Efton Chism III,Chism III,,0,4000,NE@NO,NE,NO,,,,,,WR/FLEX,
121309-208634,WR,Tommy,Tommy Mellott,Mellott,,0,4000,NE@NO,NO,NE,,,,,,WR/FLEX,
121309-86778,TE,Devin,Devin Culp,Culp,3.7666667302449500,3,4000,SF@TB,TB,SF,,,,,,TE/FLEX,
121309-86780,RB,Salvon,Salvon Ahmed,Ahmed,,0,4000,ARI@IND,IND,ARI,IR,Ankle,,,,RB/FLEX,
121309-137990,TE,Tip,Tip Reiman,Reiman,1.099999984105430,3,4000,ARI@IND,ARI,IND,IR,Ankle,,,,TE/FLEX,
121309-156426,RB,Brock,Brock Lampe,Lampe,,0,4000,NE@NO,NE,NO,IR,Undisclosed,,,,RB/FLEX,
121309-91931,TE,Greg,Greg Dulcich,Dulcich,1.3250000476837200,4,4000,LAC@MIA,MIA,LAC,,,,,,TE/FLEX,
121309-114469,WR,Tyrone,Tyrone Broden,Broden,,0,4000,SEA@JAC,SEA,JAC,,,,,,WR/FLEX,
121309-128805,WR,KeAndre,KeAndre Lambert-Smith,Lambert-Smith,0,3,4000,LAC@MIA,LAC,MIA,,,,,,WR/FLEX,
121309-87844,TE,Brady,Brady Russell,Russell,0,1,4000,SEA@JAC,SEA,JAC,,,,,,TE/FLEX,
121309-138028,RB,Kalel,Kalel Mullings,Mullings,,0,4000,TEN@LV,TEN,LV,IR,Ankle,,,,RB/FLEX,
121309-55088,WR,Malik,Malik Turner,Turner,0,1,4000,SF@TB,SF,TB,,,,,,WR/FLEX,
121309-201535,WR,Kameron,Kameron Johnson,Johnson,0.04000000059604650,5,4000,SF@TB,TB,SF,,,,,,WR/FLEX,
121309-72515,TE,Ian,Ian Thomas,Thomas,3.5,1,4000,TEN@LV,LV,TEN,,,,,,TE/FLEX,
121309-91971,RB,Ronnie,Ronnie Rivers,Rivers,2.075000047683720,8,4000,LAR@BAL,LAR,BAL,,,,,,RB/FLEX,
121309-119619,WR,Traeshon,Traeshon Holden,Holden,,0,4000,DAL@CAR,DAL,CAR,,,,,,WR/FLEX,
121309-41806,WR,Laquon,Laquon Treadwell,Treadwell,,0,4000,ARI@IND,IND,ARI,,,,,,WR/FLEX,
121309-201553,WR,John,John Jiles,Jiles,,0,4000,NE@NO,NE,NO,,,,,,WR/FLEX,
121309-91989,RB,Jordan,Jordan Mims,Mims,2.8714286259242500,7,4000,TEN@LV,TEN,LV,,,,,,RB/FLEX,
121309-104278,TE,Donald,Donald Parham Jr.,Parham Jr.,,0,4000,CLE@PIT,PIT,CLE,IR,Achilles,,,,TE/FLEX,
121309-61273,WR,Scotty,Scotty Miller,Miller,0,1,4000,CLE@PIT,PIT,CLE,,,,,,WR/FLEX,
121309-93023,RB,Jermar,Jermar Jefferson,Jefferson,1.850000023841860,2,4000,ARI@IND,ARI,IND,,,,,,RB/FLEX,
121309-201564,TE,Cam,Cam Grandy,Grandy,1.100000023841860,1,4000,CIN@GB,CIN,GB,,,,,,TE/FLEX,
121309-114530,WR,Jacob,Jacob Cowing,Cowing,0.5799999872843420,15,4000,SF@TB,SF,TB,IR,Hamstring,,,,WR/FLEX,
121309-192359,WR,JaQuae,JaQuae Jackson,Jackson,,0,4000,LAC@MIA,LAC,MIA,,,,,,WR/FLEX,
121309-169834,WR,Dareke,Dareke Young,Young,1.933333396911620,3,4000,SEA@JAC,SEA,JAC,,,,,,WR/FLEX,
121309-120684,WR,Garrett,Garrett Greene,Greene,,0,4000,SF@TB,TB,SF,,,,,,WR/FLEX,
121309-39793,TE,George,George Kittle,Kittle,10.5,1,4000,SF@TB,SF,TB,IR,Hamstring,,,,TE/FLEX,
121309-120694,WR,Ja'Lynn,Ja'Lynn Polk,Polk,2.053846212533800,13,4000,NE@NO,NO,NE,IR,Shoulder,,,,WR/FLEX,
121309-119672,RB,Kendall,Kendall Milton,Milton,,0,4000,CIN@GB,CIN,GB,,,,,,RB/FLEX,
121309-114557,WR,Cornelius,Cornelius Johnson,Johnson,,0,4000,LAR@BAL,BAL,LAR,,,,,,WR/FLEX,
121309-134014,WR,Jordan,Jordan Watkins,Watkins,,0,4000,SF@TB,SF,TB,Q,Calf,,,,WR/FLEX,
121309-93055,WR,Isaiah,Isaiah Hodgins,Hodgins,1.100000023841860,2,4000,CLE@PIT,PIT,CLE,,,,,,WR/FLEX,
121309-134023,RB,Keaton,Keaton Mitchell,Mitchell,1.7999999523162800,1,4000,LAR@BAL,BAL,LAR,,,,,,RB/FLEX,
121309-94087,RB,DeeJay,DeeJay Dallas,Dallas,0,1,4000,DAL@CAR,CAR,DAL,,,,,,RB/FLEX,
121309-103302,WR,Courtney,Courtney Jackson,Jackson,,0,4000,SEA@JAC,SEA,JAC,,,,,,WR/FLEX,
121309-119697,RB,MarShawn,MarShawn Lloyd,Lloyd,2.299999952316280,1,4000,CIN@GB,GB,CIN,IR,Hamstring,,,,RB/FLEX,
121309-128913,WR,Malachi,Malachi Corley,Corley,1.100000023841860,1,4000,CLE@PIT,CLE,PIT,Q,Groin,,,,WR/FLEX,
121309-64405,WR,Dan,Dan Chisena,Chisena,1.2999999523162800,4,4000,DAL@CAR,CAR,DAL,,,,,,WR/FLEX,
121309-114591,TE,William,William Wagner,Wagner,,0,4000,CIN@GB,CIN,GB,,,,,,TE/FLEX,
121309-94116,TE,Will,Will Mallory,Mallory,0.612500011920929,8,4000,ARI@IND,IND,ARI,,,,,,TE/FLEX,
121309-157609,WR,Gage,Gage Larvadain,Larvadain,0,1,4000,CLE@PIT,CLE,PIT,,,,,,WR/FLEX,
121309-45997,WR,Keith,Keith Kirkwood,Kirkwood,,0,4000,LAR@BAL,BAL,LAR,,,,,,WR/FLEX,
121309-175021,RB,Jordan,Jordan James,James,,0,4000,SF@TB,SF,TB,,,,,,RB/FLEX,
121309-72627,RB,Patrick,Patrick Taylor Jr.,Taylor Jr.,6.259999847412110,5,4000,SF@TB,SF,TB,IR,Shoulder,,,,RB/FLEX,
121309-156596,RB,Jarquez,Jarquez Hunter,Hunter,,0,4000,LAR@BAL,LAR,BAL,,,,,,RB/FLEX,
121309-56262,WR,Parris,Parris Campbell,Campbell,2.4,5,4000,DAL@CAR,DAL,CAR,,,,,,WR/FLEX,
121309-152522,RB,Phil,Phil Mafah,Mafah,,0,4000,DAL@CAR,DAL,CAR,IR,Shoulder,,,,RB/FLEX,
121309-69581,WR,Cedrick,Cedrick Wilson Jr.,Wilson Jr.,3.630908966064450,11,4000,LAC@MIA,MIA,LAC,Q,Knee,,,,WR/FLEX,
121309-152540,TE,CJ,CJ Dippre,Dippre,,0,4000,NE@NO,NE,NO,,,,,,TE/FLEX,
121309-54239,TE,Matt,Matt Sokol,Sokol,,0,4000,CLE@PIT,PIT,CLE,,,,,,TE/FLEX,
121309-138221,WR,Ricky,Ricky White III,White III,,0,4000,SEA@JAC,SEA,JAC,,,,,,WR/FLEX,
121309-12534,D,Tennessee,Tennessee Titans,Titans,5.4,5,3900,TEN@LV,TEN,LV,,,,,,DEF,
121309-12537,D,Las Vegas,Las Vegas Raiders,Raiders,2.6,5,3800,TEN@LV,LV,TEN,,,,,,DEF,
121309-12530,D,Dallas,Dallas Cowboys,Cowboys,2.2,5,3700,DAL@CAR,DAL,CAR,,,,,,DEF,
121309-12551,D,Tampa Bay,Tampa Bay Buccaneers,Buccaneers,4.8,5,3600,SF@TB,TB,SF,,,,,,DEF,
121309-12529,D,Cleveland,Cleveland Browns,Browns,4.8,5,3500,CLE@PIT,CLE,PIT,,,,,,DEF,
121309-12542,D,New Orleans,New Orleans Saints,Saints,6.6,5,3400,NE@NO,NO,NE,,,,,,DEF,
121309-12546,D,Arizona,Arizona Cardinals,Cardinals,7.2,5,3300,ARI@IND,ARI,IND,,,,,,DEF,
121309-12553,D,Carolina,Carolina Panthers,Panthers,5.4,5,3200,DAL@CAR,CAR,DAL,,,,,,DEF,
121309-12555,D,Baltimore,Baltimore Ravens,Ravens,0.6,5,3100,LAR@BAL,BAL,LAR,,,,,,DEF,
121309-12528,D,Cincinnati,Cincinnati Bengals,Bengals,2.8,5,3000,CIN@GB,CIN,GB,,,,,,DEF,
121309-12539,D,Miami,Miami Dolphins,Dolphins,5,5,3000,LAC@MIA,MIA,LAC,,,,,,DEF,
121303-69531,QB,Jalen,Jalen Hurts,Hurts,20.752000427246100,5,13600,20400,PHI@NYG,PHI,NYG,,,,,,MVP - 1.5X Points/AnyFLEX
121303-64401,RB,Saquon,Saquon Barkley,Barkley,14.4,5,13000,19500,PHI@NYG,PHI,NYG,,,,,,MVP - 1.5X Points/AnyFLEX
121303-151966,QB,Jaxson,Jaxson Dart,Dart,9.354999542236330,4,12200,18300,PHI@NYG,NYG,PHI,,,,,,MVP - 1.5X Points/AnyFLEX
121303-183240,RB,Cam,Cam Skattebo,Skattebo,11.859999847412100,5,11000,16500,PHI@NYG,NYG,PHI,,,,,,MVP - 1.5X Points/AnyFLEX
121303-72846,WR,A.J.,A.J. Brown,Brown,7.580000305175780,5,10000,15000,PHI@NYG,PHI,NYG,,,,,,MVP - 1.5X Points/AnyFLEX
121303-90576,WR,DeVonta,DeVonta Smith,Smith,9.740000152587890,5,9600,14400,PHI@NYG,PHI,NYG,,,,,,MVP - 1.5X Points/AnyFLEX
121303-103539,WR,Wan'Dale,Wan'Dale Robinson,Robinson,9.480000305175780,5,8400,12600,PHI@NYG,NYG,PHI,,,,,,MVP - 1.5X Points/AnyFLEX
121303-83074,TE,Dallas,Dallas Goedert,Goedert,11.199999809265100,4,8000,12000,PHI@NYG,PHI,NYG,,,,,,MVP - 1.5X Points/AnyFLEX
121303-22015,QB,Russell,Russell Wilson,Wilson,13.210000038147000,4,8000,12000,PHI@NYG,NYG,PHI,,,,,,MVP - 1.5X Points/AnyFLEX
121303-63819,WR,Darius,Darius Slayton,Slayton,4.1200000762939500,5,7600,11400,PHI@NYG,NYG,PHI,O,Hamstring,,,,MVP - 1.5X Points/AnyFLEX
121303-12545,D,Philadelphia,Philadelphia Eagles,Eagles,7.4,5,7200,10800,PHI@NYG,PHI,NYG,,,,,,MVP - 1.5X Points/AnyFLEX
121303-89607,QB,Tanner,Tanner McKee,McKee,7.204999923706060,4,7000,10500,PHI@NYG,PHI,NYG,,,,,,MVP - 1.5X Points/AnyFLEX
121303-41235,K,Jake,Jake Elliott,Elliott,7,5,6800,10200,PHI@NYG,PHI,NYG,,,,,,MVP - 1.5X Points/AnyFLEX
121303-53212,K,Younghoe,Younghoe Koo,Koo,9,1,6600,9900,PHI@NYG,NYG,PHI,,,,,,MVP - 1.5X Points/AnyFLEX
121303-176119,K,Jude,Jude McAtamney,McAtamney,4.5,2,6600,9900,PHI@NYG,NYG,PHI,,,,,,MVP - 1.5X Points/AnyFLEX
121303-70603,RB,Devin,Devin Singletary,Singletary,1.6399999618530300,5,6400,9600,PHI@NYG,NYG,PHI,,,,,,MVP - 1.5X Points/AnyFLEX
121303-12543,D,New York,New York Giants,Giants,2.8,5,6000,9000,PHI@NYG,NYG,PHI,,,,,,MVP - 1.5X Points/AnyFLEX
121303-86153,RB,Tyrone,Tyrone Tracy Jr.,Tracy Jr.,5.400000254313150,3,5800,8700,PHI@NYG,NYG,PHI,,,,,,MVP - 1.5X Points/AnyFLEX
121303-128810,TE,Theo,Theo Johnson,Johnson,7.080000305175780,5,5200,7800,PHI@NYG,NYG,PHI,,,,,,MVP - 1.5X Points/AnyFLEX
121303-86229,WR,Jahan,Jahan Dotson,Dotson,2.4799999237060500,5,4800,7200,PHI@NYG,PHI,NYG,,,,,,MVP - 1.5X Points/AnyFLEX
121303-90307,TE,Daniel,Daniel Bellinger,Bellinger,3,4,4200,6300,PHI@NYG,NYG,PHI,,,,,,MVP - 1.5X Points/AnyFLEX
121303-93107,RB,A.J.,A.J. Dillon,Dillon,1.4500000476837200,4,3600,5400,PHI@NYG,PHI,NYG,,,,,,MVP - 1.5X Points/AnyFLEX
121303-86682,TE,Grant,Grant Calcaterra,Calcaterra,2,3,3000,4500,PHI@NYG,PHI,NYG,O,Oblique,,,,MVP - 1.5X Points/AnyFLEX
121303-152520,RB,Will,Will Shipley,Shipley,1.1666666666666700,3,2600,3900,PHI@NYG,PHI,NYG,,,,,,MVP - 1.5X Points/AnyFLEX
121303-139094,WR,Jalin,Jalin Hyatt,Hyatt,0,2,2200,3300,PHI@NYG,NYG,PHI,,,,,,MVP - 1.5X Points/AnyFLEX
121303-152717,WR,Beaux,Beaux Collins,Collins,1.2000000476837200,1,1800,2700,PHI@NYG,NYG,PHI,,,,,,MVP - 1.5X Points/AnyFLEX
121303-128693,RB,Tank,Tank Bigsby,Bigsby,0.30000001192092900,4,1600,2400,PHI@NYG,PHI,NYG,,,,,,MVP - 1.5X Points/AnyFLEX
121303-104577,WR,Gunner,Gunner Olszewski,Olszewski,0,5,1400,2100,PHI@NYG,NYG,PHI,,,,,,MVP - 1.5X Points/AnyFLEX
121303-102696,WR,John,John Metchie III,Metchie III,0.949999988079071,4,1200,1800,PHI@NYG,PHI,NYG,,,,,,MVP - 1.5X Points/AnyFLEX
121303-104576,QB,Sam,Sam Howell,Howell,0.07999999821186070,2,1000,1500,PHI@NYG,PHI,NYG,,,,,,MVP - 1.5X Points/AnyFLEX
121303-114054,WR,Dalen,Dalen Cambre,Cambre,,0,1000,1500,PHI@NYG,NYG,PHI,,,,,,MVP - 1.5X Points/AnyFLEX
121303-183693,WR,Da'Quan,Da'Quan Felton,Felton,,0,1000,1500,PHI@NYG,NYG,PHI,IR,Undisclosed,,,,MVP - 1.5X Points/AnyFLEX
121303-24849,QB,Jameis,Jameis Winston,Winston,13.830909035422600,11,1000,1500,PHI@NYG,NYG,PHI,,,,,,MVP - 1.5X Points/AnyFLEX
121303-64147,WR,Britain,Britain Covey,Covey,1.3800000190734900,5,1000,1500,PHI@NYG,PHI,NYG,,,,,,MVP - 1.5X Points/AnyFLEX
121303-92056,TE,Cal,Cal Adomitis,Adomitis,,0,1000,1500,PHI@NYG,PHI,NYG,,,,,,MVP - 1.5X Points/AnyFLEX
121303-90522,TE,Cameron,Cameron Latu,Latu,,0,1000,1500,PHI@NYG,PHI,NYG,,,,,,MVP - 1.5X Points/AnyFLEX
121303-93600,WR,Bryce,Bryce Ford-Wheaton,Ford-Wheaton,0,1,1000,1500,PHI@NYG,NYG,PHI,IR,Achilles,,,,MVP - 1.5X Points/AnyFLEX
121303-226859,WR,Darius,Darius Cooper,Cooper,,0,1000,1500,PHI@NYG,PHI,NYG,IR,Shoulder,,,,MVP - 1.5X Points/AnyFLEX
121303-85672,WR,Terrace,Terrace Marshall,Marshall,1.1199999809265100,5,1000,1500,PHI@NYG,PHI,NYG,,,,,,MVP - 1.5X Points/AnyFLEX
121303-119722,WR,Johnny,Johnny Wilson,Wilson,1.2300000190734900,10,1000,1500,PHI@NYG,PHI,NYG,IR,Knee,,,,MVP - 1.5X Points/AnyFLEX
121303-152628,TE,Thomas,Thomas Fidone II,Fidone II,,0,1000,1500,PHI@NYG,NYG,PHI,,,,,,MVP - 1.5X Points/AnyFLEX
121303-151737,TE,E.J.,E.J. Jenkins,Jenkins,2.3999999364217100,3,1000,1500,PHI@NYG,PHI,NYG,,,,,,MVP - 1.5X Points/AnyFLEX
121303-173631,RB,Dante,Dante Miller,Miller,,0,1000,1500,PHI@NYG,NYG,PHI,,,,,,MVP - 1.5X Points/AnyFLEX
121303-152646,QB,Kyle,Kyle McCord,McCord,,0,1000,1500,PHI@NYG,PHI,NYG,,,,,,MVP - 1.5X Points/AnyFLEX
121303-112455,WR,Xavier,Xavier Gipson,Gipson,-2,1,1000,1500,PHI@NYG,PHI,NYG,,,,,,MVP - 1.5X Points/AnyFLEX
121303-151761,WR,Malik,Malik Nabers,Nabers,12.774999618530300,4,1000,1500,PHI@NYG,NYG,PHI,IR,Knee - acl,,,,MVP - 1.5X Points/AnyFLEX
121303-73687,WR,Quez,Quez Watkins,Watkins,,0,1000,1500,PHI@NYG,PHI,NYG,Q,Undisclosed,,,,MVP - 1.5X Points/AnyFLEX
121303-18009,TE,Chris,Chris Manhertz,Manhertz,0.6000000238418580,2,1000,1500,PHI@NYG,NYG,PHI,,,,,,MVP - 1.5X Points/AnyFLEX
121303-157150,RB,Audric,Audric Estime,Estime,3.553846212533800,13,1000,1500,PHI@NYG,PHI,NYG,,,,,,MVP - 1.5X Points/AnyFLEX
121303-86113,WR,Ihmir,Ihmir Smith-Marsette,Smith-Marsette,0.4,15,1000,1500,PHI@NYG,NYG,PHI,,,,,,MVP - 1.5X Points/AnyFLEX
121303-71143,TE,Kylen,Kylen Granson,Granson,0.800000011920929,2,1000,1500,PHI@NYG,PHI,NYG,,,,,,MVP - 1.5X Points/AnyFLEX
121303-71031,WR,Lil'Jordan,Lil'Jordan Humphrey,Humphrey,3.4857142312186100,14,1000,1500,PHI@NYG,NYG,PHI,,,,,,MVP - 1.5X Points/AnyFLEX
121303-10744,K,Graham,Graham Gano,Gano,8,3,1000,1500,PHI@NYG,NYG,PHI,IR,Groin,,,,MVP - 1.5X Points/AnyFLEX
121303-138746,WR,Javon,Javon Baker,Baker,0.2833333412806190,6,1000,1500,PHI@NYG,PHI,NYG,,,,,,MVP - 1.5X Points/AnyFLEX